{"cameraMode":{"drawMode":0,"name":"Shaded","section":"Shading Mode"},"sceneLighting":true,"audioPlay":false,"sceneViewState":{"m_AlwaysRefresh":false,"showFog":true,"showSkybox":true,"showFlares":true,"showImageEffects":true,"showParticleSystems":true,"showVisualEffectGraphs":true,"m_FxEnabled":true},"in2DMode":false,"pivot":{"x":19.79787826538086,"y":0.041363418102264407,"z":5.007450580596924},"rotation":{"x":-0.1229880079627037,"y":0.011012628674507141,"z":-0.0013633064227178693,"w":-0.9923408627510071},"size":1.6955317258834839,"orthographic":false}