{"cameraMode":{"drawMode":0,"name":"Shaded","section":"Shading Mode"},"sceneLighting":true,"audioPlay":false,"sceneViewState":{"m_AlwaysRefresh":false,"showFog":true,"showSkybox":true,"showFlares":true,"showImageEffects":true,"showParticleSystems":true,"showVisualEffectGraphs":true,"m_FxEnabled":true},"in2DMode":false,"pivot":{"x":30.86663055419922,"y":1.9999090433120728,"z":0.8498525619506836},"rotation":{"x":-0.08270866423845291,"y":-0.006862294860184193,"z":0.0007970964652486146,"w":-0.996538519859314},"size":2.3979039192199709,"orthographic":false}