{"cameraMode":{"drawMode":0,"name":"Shaded","section":"Shading Mode"},"sceneLighting":true,"audioPlay":false,"sceneViewState":{"m_AlwaysRefresh":false,"showFog":true,"showSkybox":true,"showFlares":true,"showImageEffects":true,"showParticleSystems":true,"showVisualEffectGraphs":true,"m_FxEnabled":true},"in2DMode":false,"pivot":{"x":0.2308788299560547,"y":2.047635555267334,"z":-1.3722419738769532},"rotation":{"x":-0.011089430190622807,"y":0.9134804010391235,"z":-0.024953024461865426,"w":-0.405963271856308},"size":3.061955690383911,"orthographic":false}