{"cameraMode":{"drawMode":0,"name":"Shaded","section":"Shading Mode"},"sceneLighting":true,"audioPlay":false,"sceneViewState":{"m_AlwaysRefresh":false,"showFog":true,"showSkybox":true,"showFlares":true,"showImageEffects":true,"showParticleSystems":true,"showVisualEffectGraphs":true,"m_FxEnabled":true},"in2DMode":false,"pivot":{"x":0.90322345495224,"y":-2.135723352432251,"z":19.223005294799806},"rotation":{"x":0.09914479404687882,"y":0.005965624004602432,"z":-0.0005944300792180002,"w":0.9950552582740784},"size":11.335920333862305,"orthographic":false}