{"cameraMode":{"drawMode":0,"name":"Shaded","section":"Shading Mode"},"sceneLighting":true,"audioPlay":false,"sceneViewState":{"m_AlwaysRefresh":false,"showFog":true,"showSkybox":true,"showFlares":true,"showImageEffects":true,"showParticleSystems":true,"showVisualEffectGraphs":true,"m_FxEnabled":true},"in2DMode":false,"pivot":{"x":41.786067962646487,"y":-1.3931257724761963,"z":10.701370239257813},"rotation":{"x":-0.1288815289735794,"y":0.03333698958158493,"z":-0.004106445237994194,"w":-0.9910829067230225},"size":7.830087184906006,"orthographic":false}