{"cameraMode":{"drawMode":0,"name":"Shaded","section":"Shading Mode"},"sceneLighting":true,"audioPlay":false,"sceneViewState":{"m_AlwaysRefresh":false,"showFog":true,"showSkybox":true,"showFlares":true,"showImageEffects":true,"showParticleSystems":true,"showVisualEffectGraphs":true,"m_FxEnabled":true},"in2DMode":false,"pivot":{"x":49.565521240234378,"y":-1.758300542831421,"z":11.490747451782227},"rotation":{"x":-0.09017803519964218,"y":0.008062527514994145,"z":-0.0007142755202949047,"w":-0.9958629012107849},"size":5.960684776306152,"orthographic":false}