{"cameraMode":{"drawMode":0,"name":"Shaded","section":"Shading Mode"},"sceneLighting":false,"audioPlay":false,"sceneViewState":{"m_AlwaysRefresh":false,"showFog":true,"showSkybox":false,"showFlares":true,"showImageEffects":true,"showParticleSystems":true,"showVisualEffectGraphs":true,"m_FxEnabled":true},"in2DMode":false,"pivot":{"x":-0.15125396847724915,"y":0.09605062007904053,"z":0.016266584396362306},"rotation":{"x":-0.17631570994853974,"y":0.024220159277319909,"z":-0.0042611681856215,"w":-0.9839670062065125},"size":1.8944380283355713,"orthographic":false}